trade_id,world,atlas_mode,mode,symbol,tf,side,entry_price,sl_price,tp1_price,tp2_price,lot_total,risk_percent,pnl_total_usd,pnl_total_points,opened_at,closed_at,duration_sec,legs_count,exit_final_reason,score_max,score_avg,had_partial,had_be_close,had_tp2
3164a431-d513-4ab6-8c8d-a4ba19e35d84,ATLAS_IA,SCALPING_M5,SCALPING_M5,USDCADz,M5,SELL,1.36774,1.36844,1.3651704,1.361316,1.42,1.0,-99.4,-7.0,2026-03-13T12:31:34Z,2026-03-13T12:31:34Z,0,1,SL,,,,,
890f3433-ec8a-41de-b63a-74814892ca17,ATLAS_IA,SCALPING_M5,SCALPING_M5,USDCADz,M5,SELL,1.36801,1.36844,1.3654404,1.361586,2.32,1.0,-99.76,-4.3,2026-03-13T12:31:48Z,2026-03-13T12:31:48Z,0,1,SL,,,,,
7e4385d0-48b8-4030-a71f-78c9fc4eff84,ATLAS_IA,SCALPING_M1,SCALPING_M1,EURGBPz,M1,BUY,0.86494,0.86452,0.8652865000000001,0.8659300000000001,1.19,0.5,-49.98,-4.2,2026-03-13T12:56:59Z,2026-03-13T15:52:53Z,10554,1,SL,8.0,8.0,False,False,False
d68b4dbc-526a-4494-b22d-65201e8585a1,ATLAS_IA,SCALPING_M1,SCALPING_M1,GBPUSDz,M1,BUY,1.32712,1.32663,1.3283422,1.3306120000000001,3.06,1.5,-149.94,-4.9,2026-03-13T12:53:56Z,2026-03-13T15:52:54Z,10738,1,SL,11.0,11.0,False,False,False
e0f50e4e-51bd-43d5-84f6-362abd4a01c2,ATLAS_IA,SCALPING_M1,SCALPING_M1,NZDUSDz,M1,SELL,0.58332,0.58393,0.5826774,0.5814840000000001,2.45,1.5,157.44,6.43,2026-03-13T12:54:06Z,2026-03-13T15:52:54Z,10728,1,TP1_PARTIAL,11.0,11.0,True,False,False
0e6c93ea-7b8e-4a1e-8658-27bca908fea9,ATLAS_IA,SCALPING_M1,SCALPING_M1,USDCHFz,M1,BUY,0.78696,0.78618,0.7876215,0.7888499999999999,1.28,1.0,326.59,25.51,2026-03-13T12:54:39Z,2026-03-13T15:53:29Z,10730,2,TP2_FINAL,9.5,9.5,True,False,True
4a1cb163-6bb2-482b-988f-f611fca4a409,ATLAS_IA,SCALPING_M1,SCALPING_M1,USOILz,M1,BUY,92.557,91.255,93.93544,96.4954,0.1,1.5,13.78,1.37844,2026-03-13T12:54:14Z,2026-03-13T15:53:30Z,10756,1,TP1_PARTIAL,11.0,11.0,True,False,False
362a0175-7266-4014-932d-6c3bc2d9f2f0,ATLAS_IA,SCALPING_M1,SCALPING_M1,USDJPYz,M1,BUY,159.315,159.207,159.41643,159.6048,1.02,1.0,93.11,10.14,2026-03-13T12:54:49Z,2026-03-13T15:53:30Z,10721,1,TP1_PARTIAL,10.0,10.0,True,False,False
0989aaa1-abaa-45fa-8fc2-3cbbbfc64afa,ATLAS_IA,SCALPING_M1,SCALPING_M1,USDCADz,M1,BUY,1.36969,1.36894,1.3704649,1.3719039999999998,1.33,1.0,397.52,29.89,2026-03-13T12:55:29Z,2026-03-13T15:53:41Z,10692,2,TP2_FINAL,9.25,9.25,True,False,True
9cda949a-9522-45d2-9704-f273f0ff9a52,ATLAS_IA,SCALPING_M1,SCALPING_M1,AUDUSDz,M1,SELL,0.70528,0.70627,0.7043602000000001,0.7026520000000002,1.01,1.0,358.33,35.48,2026-03-13T12:54:06Z,2026-03-13T15:54:03Z,10797,2,TP2_FINAL,10.0,10.0,True,False,True
3f51963b-8a74-4748-8b7d-0bb5824de126,ATLAS_IA,SCALPING_M1,SCALPING_M1,EURJPYz,M1,SELL,182.886,182.916,182.79906,182.6376,1.85,0.5,558.35,33.53,2026-03-13T12:54:06Z,2026-03-13T15:54:15Z,10809,2,TP2_FINAL,8.5,8.5,True,False,True
70128605-2384-4833-8841-28c5cae57238,ATLAS_IA,SCALPING_M1,SCALPING_M1,USTECz,M1,SELL,24669.1,24735.51,24606.0307,24488.902000000006,0.1,1.0,24.33,243.2673,2026-03-13T12:54:06Z,2026-03-13T15:54:47Z,10841,2,TP2_FINAL,10.0,10.0,True,False,True
a83588fc-307f-4b23-a673-41a6cc8e46b8,ATLAS_IA,SCALPING_M1,SCALPING_M1,XAUUSDz,M1,SELL,5118.803,5122.022,5110.047259999999,5093.786599999999,0.31,1.0,1046.94,33.77214,2026-03-13T12:55:09Z,2026-03-13T15:57:01Z,10912,2,TP2_FINAL,10.25,10.25,True,False,True
8e9a7ae3-3524-4bc5-b1ac-a4a5953bbd48,ATLAS_IA,SCALPING_M1,SCALPING_M1,EURCADz,M1,SELL,1.57254,1.57322,1.5706626000000001,1.5671760000000001,1.47,1.0,275.98,18.77,2026-03-13T12:54:14Z,2026-03-13T15:58:08Z,11034,1,TP1_PARTIAL,10.25,10.25,True,False,False
319b73d1-e3b5-47f3-ab91-5f47cf25c3d9,ATLAS_IA,SCALPING_M1,SCALPING_M1,EURJPYz,M1,SELL,182.529,182.604,182.45087999999998,182.30579999999995,1.48,1.0,-99.9,-7.5,2026-03-13T15:54:47Z,2026-03-13T15:59:49Z,302,1,SL,10.0,10.0,False,False,False
b201bf15-0ed5-4700-8324-33f790799dfb,ATLAS_IA,SCALPING_M1,SCALPING_M1,AUDUSDz,M1,BUY,0.70067,0.70013,0.7022198000000001,0.705098,1.85,1.0,-99.9,-5.4,2026-03-13T16:04:11Z,2026-03-13T16:14:21Z,610,1,SL,10.25,10.25,False,False,False
d4d29135-f43f-45cb-ab68-b889b14dd0d7,ATLAS_IA,SCALPING_M1,SCALPING_M1,NZDUSDz,M1,BUY,0.58038,0.58011,0.5811549,0.582594,3.7,1.0,-99.9,-2.7,2026-03-13T16:04:11Z,2026-03-13T16:14:21Z,610,1,SL,10.25,10.25,False,False,False
ea6fd8af-d162-4fe2-a1d6-c116ccedef40,ATLAS_IA,SCALPING_M1,SCALPING_M1,USDJPYz,M1,SELL,159.514,159.604,159.41887,159.2422,1.23,1.0,-99.63,-9.0,2026-03-13T16:07:31Z,2026-03-13T16:17:51Z,620,1,SL,10.5,10.5,False,False,False
e9575148-8f92-4c9a-89ef-efad6058bd95,ATLAS_IA,SCALPING_M1,SCALPING_M1,EURAUDz,M1,SELL,1.63355,1.6343,1.6314269000000001,1.627484,1.99,1.5,-149.25,-7.5,2026-03-13T16:07:11Z,2026-03-13T16:20:51Z,820,1,SL,11.0,11.0,False,False,False
6e37d008-cd83-4622-a3b7-6f90da855060,ATLAS_IA,SCALPING_M1,SCALPING_M1,USOILz,M1,SELL,95.201,95.439,94.47146000000001,93.11660000000002,0.1,1.0,-2.38,-0.238,2026-03-13T16:06:11Z,2026-03-13T16:23:21Z,1030,1,SL,10.25,10.25,False,False,False
eabdc31d-4b7c-494a-a71f-919bc8ce87b1,ATLAS_IA,SCALPING_M1,SCALPING_M1,EURGBPz,M1,BUY,0.86444,0.86418,0.8646668000000001,0.8650880000000001,1.92,0.5,-49.92,-2.6,2026-03-13T16:07:11Z,2026-03-13T16:30:41Z,1410,1,SL,7.5,7.5,False,False,False
bb4f5fb4-bf71-44b5-8c1b-f3d85f4a56ed,ATLAS_IA,SCALPING_M1,SCALPING_M1,EURAUDz,M1,BUY,1.63414,1.63338,1.6348645,1.63621,0.65,0.5,-49.4,-7.6,2026-03-13T16:21:01Z,2026-03-13T16:34:41Z,820,1,SL,8.0,8.0,False,False,False
5298f35c-4153-44cf-b44e-ac601e47bfb6,ATLAS_IA,SCALPING_M1,SCALPING_M1,USDCADz,M1,BUY,1.37326,1.37256,1.3739781999999998,1.3753119999999999,1.42,1.0,111.92,7.88,2026-03-13T16:03:28Z,2026-03-13T17:15:01Z,4293,2,BE_CLOSE,10.0,10.0,True,True,False
00134886-d8bb-4ce2-9e70-8d614cbda3f4,ATLAS_IA,SCALPING_M1,SCALPING_M1,USTECz,M1,SELL,24425.26,24473.6,24375.0238,24281.728000000003,0.1,1.0,-4.83,-48.34,2026-03-13T16:03:07Z,2026-03-13T16:55:31Z,3144,1,SL,9.25,9.25,False,False,False
ede3a6b0-a941-4de4-b880-cfdd7e1e839e,ATLAS_IA,SCALPING_M1,SCALPING_M1,GBPNZDz,M1,SELL,2.2815,2.28259,2.2803219,2.278134,1.37,1.5,-149.33,-10.9,2026-03-13T16:17:01Z,2026-03-13T16:58:01Z,2460,1,SL,11.0,11.0,False,False,False
b06f720f-6653-4381-864e-7331bac0819d,ATLAS_IA,SCALPING_M1,SCALPING_M1,USTECz,M1,BUY,24458.96,24401.57,24513.870799999997,24615.847999999998,0.1,1.0,-5.74,-57.39,2026-03-13T16:55:41Z,2026-03-13T17:00:31Z,290,1,SL,10.0,10.0,False,False,False
90ab5961-66d5-46e3-bcfb-138f940f530c,ATLAS_IA,SCALPING_M1,SCALPING_M1,EURGBPz,M1,SELL,0.86427,0.86446,0.864081,0.86373,2.63,0.5,191.73,7.29,2026-03-13T16:30:51Z,2026-03-13T17:17:11Z,2780,2,TP2_FINAL,7.25,7.25,True,False,True
275317b8-881f-4d07-89ec-53cd786a2f1c,ATLAS_IA,SCALPING_M1,SCALPING_M1,USDCHFz,M1,SELL,0.78924,0.78987,0.7886730000000001,0.78762,1.58,1.0,-99.54,-6.3,2026-03-13T16:04:31Z,2026-03-13T17:13:11Z,4120,1,SL,10.0,10.0,False,False,False
c7990292-6fbf-42e4-b816-172fb6fa21da,ATLAS_IA,SCALPING_M1,SCALPING_M1,USDCHFz,M1,SELL,0.78986,0.79001,0.789482,0.7887799999999999,6.66,1.0,261.74,3.93,2026-03-13T17:14:51Z,2026-03-13T18:10:11Z,3320,2,BE_CLOSE,9.0,9.0,True,True,False
ec1e40ce-c032-4eb7-8608-effda083fe4d,ATLAS_IA,SCALPING_M1,SCALPING_M1,AUDUSDz,M1,SELL,0.70027,0.70101,0.6996147999999999,0.6983979999999999,1.35,1.0,-99.9,-7.4,2026-03-13T16:14:31Z,2026-03-13T17:17:41Z,3790,1,SL,9.25,9.25,False,False,False
2586ff5f-44c4-4695-a12f-9adbe6c6ca79,ATLAS_IA,SCALPING_M1,SCALPING_M1,EURGBPz,M1,BUY,0.86371,0.86365,0.8640376,0.8646459999999999,16.66,1.0,555.78,3.34,2026-03-13T17:17:21Z,2026-03-13T17:26:31Z,550,2,BE_CLOSE,10.5,10.5,True,True,False
f8b327eb-8eec-4ea4-92e5-47605354d6b3,ATLAS_IA,SCALPING_M1,SCALPING_M1,XAUUSDz,M1,SELL,5028.564,5057.249,5004.544620000001,4959.9372,0.01,0.5,-28.68,-28.685,2026-03-13T16:06:41Z,2026-03-13T17:24:11Z,4650,1,SL,7.5,7.5,False,False,False
67129574-bde7-4fda-b6a7-d15df25d03d6,ATLAS_IA,SCALPING_M1,SCALPING_M1,XAUUSDz,M1,SELL,5052.858,5062.009,5043.40737,5025.8562,0.1,1.0,-91.51,-9.151,2026-03-13T17:27:31Z,2026-03-13T17:38:21Z,650,1,SL,9.5,9.5,False,False,False
980ff2bd-d64e-4096-a1df-56493c5b2dc8,ATLAS_IA,SCALPING_M1,SCALPING_M1,BTCUSDz,M1,SELL,71754.43,72282.7,71318.39439999999,70508.614,0.1,1.0,43.6,0.0,2026-03-13T16:07:51Z,2026-03-13T17:48:41Z,6050,1,TP1_PARTIAL,9.25,9.25,True,False,False
4b503696-ae03-4513-b463-814ccb3a995e,ATLAS_IA,SCALPING_M1,SCALPING_M1,GBPNZDz,M1,BUY,2.28218,2.28093,2.2832320999999998,2.2851859999999995,0.8,1.0,84.17,10.52,2026-03-13T16:58:11Z,2026-03-13T17:52:51Z,3280,1,TP1_PARTIAL,9.25,9.25,True,False,False
0c92c785-425f-4178-88ec-f7dae8250234,ATLAS_IA,SCALPING_M1,SCALPING_M1,AUDUSDz,M1,BUY,0.7011,0.70027,0.7017993,0.703098,1.2,1.0,-99.6,-8.3,2026-03-13T17:25:21Z,2026-03-13T17:59:21Z,2040,1,SL,9.25,9.25,False,False,False
a45e3944-5fb5-4994-ba7d-f919769a7ca9,ATLAS_IA,SCALPING_M1,SCALPING_M1,XAUUSDz,M1,BUY,5060.582,5052.436,5067.837710000001,5081.312600000002,0.12,1.0,-97.75,-8.146,2026-03-13T17:38:31Z,2026-03-13T17:59:21Z,1250,1,SL,9.25,9.25,False,False,False
8ccd18f3-f3a7-4adf-a889-6571b4dc3ee8,ATLAS_IA,SCALPING_M1,SCALPING_M1,NZDUSDz,M1,SELL,0.58012,0.5806,0.5797230999999999,0.5789859999999999,2.08,1.0,82.56,3.97,2026-03-13T16:14:31Z,2026-03-13T18:05:11Z,6640,1,TP1_PARTIAL,9.25,9.25,True,False,False
22665671-ab58-4c0e-adb1-a9f4eca89348,ATLAS_IA,SCALPING_M1,SCALPING_M1,AUDUSDz,M1,BUY,0.70035,0.70018,0.7009485,0.70206,5.88,1.0,-99.96,-1.7,2026-03-13T17:59:31Z,2026-03-13T18:10:01Z,630,1,SL,9.0,9.0,False,False,False
b71c10d0-1a78-4077-95ad-c283ffc016f6,ATLAS_IA,SCALPING_M1,SCALPING_M1,XAUUSDz,M1,BUY,5047.452,5043.487,5057.80416,5077.0296,0.25,1.0,-99.13,-3.965,2026-03-13T17:59:31Z,2026-03-13T18:14:11Z,880,1,SL,10.25,10.25,False,False,False
4fde8814-298a-48d0-9173-32aae9a0fa25,ATLAS_IA,SCALPING_M1,SCALPING_M1,AUDUSDz,M1,BUY,0.70034,0.70014,0.7005542,0.700952,5.0,1.0,-100.0,-2.0,2026-03-13T18:10:21Z,2026-03-13T18:20:31Z,610,1,SL,9.0,9.0,False,False,False
befca2f6-e16a-4a4b-a63d-6fdacaacd784,ATLAS_IA,SCALPING_M1,SCALPING_M1,EURUSDz,M1,BUY,1.14461,1.14346,1.1457439999999999,1.14785,0.86,1.0,-98.9,-11.5,2026-03-13T16:03:28Z,2026-03-13T18:20:41Z,8233,1,SL,10.0,10.0,False,False,False
3a5889c5-b96f-457a-844d-afc3ecfd489c,ATLAS_IA,SCALPING_M1,SCALPING_M1,USOILz,M1,BUY,95.732,94.897,96.45839,97.80739999999999,0.1,0.5,8.1,0.80989,2026-03-13T16:24:11Z,2026-03-13T18:55:21Z,9070,2,BE_CLOSE,8.75,8.75,True,True,False
dc1fde65-3be4-4ce6-92c4-2a2a683aae1f,ATLAS_IA,SCALPING_M1,SCALPING_M1,USDCHFz,M1,SELL,0.78987,0.78993,0.7896683999999999,0.7892939999999999,16.66,1.0,-99.96,-0.6,2026-03-13T18:10:21Z,2026-03-13T18:27:21Z,1020,1,SL,10.25,10.25,False,False,False
fa86f83a-c316-4cca-a878-d41d533aecb6,ATLAS_IA,SCALPING_M1,SCALPING_M1,EURCADz,M1,BUY,1.57165,1.5704,1.5727273,1.5747279999999997,0.4,0.5,-50.0,-12.5,2026-03-13T16:03:07Z,2026-03-13T18:31:01Z,8874,1,SL,8.0,8.0,False,False,False
0b4c30cc-c6e1-46d1-a8bd-b571ace22d0a,ATLAS_IA,SCALPING_M1,SCALPING_M1,USDCHFz,M1,SELL,0.79027,0.79042,0.7898983,0.789208,10.0,1.5,386.7,3.87,2026-03-13T18:28:31Z,2026-03-13T18:57:31Z,1740,2,BE_CLOSE,11.0,11.0,True,True,False
af6a6a93-7c59-4b6f-8f07-1bcaf4283997,ATLAS_IA,SCALPING_M1,SCALPING_M1,USDCADz,M1,SELL,1.37331,1.37388,1.3727934,1.371834,1.75,1.0,90.41,5.17,2026-03-13T17:15:11Z,2026-03-13T18:37:21Z,4930,1,TP1_PARTIAL,10.0,10.0,True,False,False
da48a302-ceca-4f5d-983b-1325851657cc,ATLAS_IA,SCALPING_M1,SCALPING_M1,AUDUSDz,M1,SELL,0.7001,0.70048,0.6997471999999999,0.6990919999999999,2.63,1.0,-99.94,-3.8,2026-03-13T18:20:51Z,2026-03-13T18:49:11Z,1700,1,SL,9.25,9.25,False,False,False
10c5510a-71c4-42ac-b7b1-3c1b9309078e,ATLAS_IA,SCALPING_M1,SCALPING_M1,EURUSDz,M1,SELL,1.14346,1.144,1.1429497,1.142002,1.85,1.0,-99.9,-5.4,2026-03-13T18:29:41Z,2026-03-13T18:53:21Z,1420,1,SL,9.25,9.25,False,False,False
39782ce4-cf8f-479d-8592-0288fe07335e,ATLAS_IA,SCALPING_M1,SCALPING_M1,EURCADz,M1,BUY,1.56955,1.56927,1.5702682,1.571602,3.57,1.0,-99.96,-2.8,2026-03-13T18:31:21Z,2026-03-13T19:00:21Z,1740,1,SL,10.5,10.5,False,False,False
2968272d-2fd3-4026-8e8e-6a6c55f1a4d8,ATLAS_IA,SCALPING_M1,SCALPING_M1,EURGBPz,M1,SELL,0.86371,0.86387,0.8635588,0.863278,3.12,0.5,47.17,1.51,2026-03-13T17:26:41Z,2026-03-13T19:07:46Z,6065,1,TP1_PARTIAL,7.25,7.25,True,False,False
d4b8ee85-d453-433a-a2f2-e22b9daeb244,ATLAS_IA,SCALPING_M1,SCALPING_M1,EURCADz,M1,BUY,1.57047,1.56997,1.5710054999999998,1.5719999999999996,2.0,1.0,413.1,20.65,2026-03-16T19:19:19Z,2026-03-16T19:25:49Z,390,2,TP2_FINAL,10.25,10.25,True,False,True
0b5580ed-a61b-4bd9-b650-44fc34492070,ATLAS_IA,SCALPING_M1,SCALPING_M1,USDCADz,M1,SELL,1.36665,1.36758,1.3658498999999997,1.3643639999999997,0.53,0.5,-49.29,-9.3,2026-03-16T19:19:19Z,2026-03-16T19:28:08Z,529,1,SL,8.0,8.0,False,False,False
03e1ee9e-4232-46fa-bf63-76e4c1be8848,ATLAS_IA,SCALPING_M1,SCALPING_M1,GBPUSDz,M1,BUY,1.33369,1.33311,1.3342381,1.335256,1.72,1.0,-99.76,-5.8,2026-03-16T19:19:19Z,2026-03-16T19:29:28Z,609,1,SL,10.0,10.0,False,False,False
fc56860b-b806-4fd3-a365-a9b979377a60,ATLAS_IA,SCALPING_M1,SCALPING_M1,USDCADz,M1,SELL,1.36794,1.36802,1.3674171,1.3664459999999998,12.49,1.0,663.09,5.31,2026-03-16T19:28:28Z,2026-03-16T19:29:33Z,65,2,BE_CLOSE,10.5,10.5,True,True,False
5652b294-027e-461f-8330-561720f21dc5,ATLAS_IA,SCALPING_M1,SCALPING_M1,NZDUSDz,M1,SELL,0.58493,0.58519,0.5846465,0.5841200000000001,3.84,1.0,-99.84,-2.6,2026-03-16T19:19:19Z,2026-03-16T19:29:33Z,614,1,SL,9.0,9.0,False,False,False
513f0d51-911c-4495-beb5-f08f9caa2fbf,ATLAS_IA,SCALPING_M1,SCALPING_M1,USDCADz,M1,BUY,1.36856,1.36846,1.3686544999999999,1.3688299999999998,5.0,0.5,-50.0,-1.0,2026-03-17T01:55:26Z,2026-03-17T02:03:10Z,464,1,SL,7.25,7.25,False,False,False
40908240-4ec2-404f-954c-29e6a5ae8701,ATLAS_IA,SCALPING_M1,SCALPING_M1,EURUSDz,M1,BUY,1.15061,1.15048,1.1507297,1.1509520000000002,3.84,0.5,-49.92,-1.3,2026-03-17T01:55:26Z,2026-03-17T02:03:42Z,496,1,SL,8.5,8.5,False,False,False
8e8f937e-d97a-4fed-8a12-0bac458dd2d9,ATLAS_IA,SCALPING_M1,SCALPING_M1,GBPUSDz,M1,SELL,1.33075,1.3308499999999999,1.3300822,1.3288420000000003,5.0,0.5,338.9,6.78,2026-03-17T02:03:26Z,2026-03-17T02:03:57Z,31,2,BE_CLOSE,8.5,8.5,True,True,False
4193440b-ae0a-4216-b1cd-73b9ca6bed84,ATLAS_IA,SCALPING_M1,SCALPING_M1,USDCADz,M1,BUY,1.36834,1.3682400000000001,1.3687557999999997,1.3695279999999996,10.0,1.0,425.8,4.26,2026-03-17T02:03:15Z,2026-03-17T02:16:56Z,821,2,BE_CLOSE,9.0,9.0,True,True,False
27b3a6b1-72a3-4f91-bc89-eb6cb9455df2,ATLAS_IA,SCALPING_M1,SCALPING_M1,EURUSDz,M1,SELL,1.14927,1.14939,1.1488164,1.1479740000000003,4.16,0.5,193.69,4.66,2026-03-17T02:03:47Z,2026-03-17T02:16:56Z,789,2,BE_CLOSE,8.5,8.5,True,True,False
edd05326-9ff1-45d2-baec-8b9e9c69d704,ATLAS_IA,SCALPING_M1,SCALPING_M1,EURGBPz,M1,BUY,0.8637,0.86367,0.8638197,0.8640419999999999,16.66,0.5,-49.98,-0.3,2026-03-17T01:59:17Z,2026-03-17T02:14:34Z,917,1,SL,7.0,7.0,False,False,False
25a945a6-e8f2-4838-a570-1824f4d2ad32,ATLAS_IA,SCALPING_M1,SCALPING_M1,BTCUSDz,M1,BUY,75650.03,75453.68,75859.2215,76247.72,0.1,1.5,-19.64,0.0,2026-03-17T01:59:06Z,2026-03-17T02:17:06Z,1080,1,SL,11.0,11.0,False,False,False
7232e2d5-36b6-4af2-9acf-9b244d3ed235,ATLAS_IA,SCALPING_M1,SCALPING_M1,EURAUDz,M1,BUY,1.62297,1.62259,1.6240914,1.6261739999999998,2.63,1.0,-99.94,-3.8,2026-03-17T02:09:34Z,2026-03-17T02:22:32Z,778,1,SL,10.25,10.25,False,False,False
8b8c8ef8-d0c4-49bd-927d-254c3f8e1711,ATLAS_IA,SCALPING_M1,SCALPING_M1,EURUSDz,M1,SELL,1.14931,1.14938,1.1491273,1.148788,14.28,1.0,-99.96,-0.7,2026-03-17T02:17:01Z,2026-03-17T02:30:35Z,814,1,SL,10.25,10.25,False,False,False
4d17621c-9616-4f47-8293-6c54fc761400,ATLAS_IA,SCALPING_M1,SCALPING_M1,EURGBPz,M1,SELL,0.86367,0.86373,0.8636133,0.8635079999999999,0.0,,0.0,-0.6,2026-03-17T02:14:39Z,2026-03-17T02:30:35Z,956,1,SL,6.25,6.25,False,False,False
bbfd2436-821a-4517-8d7e-2bd517388d37,ATLAS_IA,SCALPING_M1,SCALPING_M1,GBPUSDz,M1,SELL,1.33067,1.3308499999999999,1.3300022,1.3287620000000002,2.77,0.5,-49.86,-1.8,2026-03-17T02:04:03Z,2026-03-17T02:31:43Z,1660,1,SL,8.5,8.5,False,False,False
ea90bcdf-4b6f-43c2-9072-fbd9e5c53712,ATLAS_IA,SCALPING_M1,SCALPING_M1,BTCUSDz,M1,BUY,75206.45,75131.38,75537.8993,76153.448,0.1,1.0,-7.51,0.0,2026-03-17T02:21:13Z,2026-03-17T02:31:59Z,646,1,SL,9.75,9.75,False,False,False
e81b2360-dcd4-4f1a-a5c2-ac57ee7b2523,ATLAS_IA,SCALPING_M1,SCALPING_M1,EURAUDz,M1,SELL,1.62252,1.62334,1.6216821,1.620126,0.6,0.5,-49.2,-8.2,2026-03-17T02:22:38Z,2026-03-17T03:53:49Z,5471,1,SL,8.0,8.0,False,False,False
eea4c3c6-0872-4fc8-af26-861b79bde1c0,ATLAS_IA,SCALPING_M1,SCALPING_M1,GBPNZDz,M1,SELL,2.27428,2.27511,2.273461,2.27194,0.6,0.5,-49.8,-8.3,2026-03-17T01:55:42Z,2026-03-17T03:53:49Z,7087,1,SL,7.5,7.5,False,False,False
7674d378-d149-4102-a4fd-5cbd61bd305c,ATLAS_IA,SCALPING_M1,SCALPING_M1,USTECz,M1,BUY,24632.44,24610.12,24654.8239,24696.394000000004,0.1,1.0,-2.23,-22.32,2026-03-17T01:55:31Z,2026-03-17T03:53:56Z,7105,1,SL,10.0,10.0,False,False,False
e106d079-3ec4-44d5-a88b-007df362ee99,ATLAS_IA,SCALPING_M1,SCALPING_M1,USDCADz,M1,SELL,1.36835,1.3686099999999999,1.3681169000000002,1.3676840000000003,3.84,1.0,-99.84,-2.6,2026-03-17T02:17:01Z,2026-03-17T03:54:23Z,5842,1,SL,9.25,9.25,False,False,False
2d6cff33-a099-40c0-a53c-50d4d7e5e0cf,ATLAS_IA,SCALPING_M1,SCALPING_M1,AUDUSDz,M1,BUY,0.70813,0.70746,0.7086844000000001,0.7097140000000001,0.74,0.5,-49.58,-6.7,2026-03-17T02:13:20Z,2026-03-17T03:54:37Z,6077,1,SL,8.0,8.0,False,False,False
ca4999aa-de98-4ed4-b2b8-187e5f3ea12d,ATLAS_IA,SCALPING_M1,SCALPING_M1,EURUSDz,M1,BUY,1.14923,1.1491500000000001,1.1497213999999998,1.1506339999999995,12.5,1.0,-100.0,-0.8,2026-03-17T04:00:23Z,2026-03-17T04:00:23Z,0,1,SL,9.5,9.5,False,False,False
fe8b5f2e-c07e-4a40-96b3-5b0de3d10ab8,ATLAS_IA,SCALPING_M1,SCALPING_M1,USDCHFz,M1,SELL,0.78859,0.78863,0.7882687,0.787672,12.49,0.5,-49.96,-0.4,2026-03-17T04:00:24Z,2026-03-17T04:00:24Z,0,1,SL,8.5,8.5,False,False,False
a2ec1ff8-a84b-4a69-828a-13b45bcd21d8,ATLAS_IA,SCALPING_M1,SCALPING_M1,EURUSDz,M1,BUY,1.14923,1.1491500000000001,1.1497213999999998,1.1506339999999995,12.5,1.0,-100.0,-0.8,2026-03-17T04:00:29Z,2026-03-17T04:00:29Z,0,1,SL,9.5,9.5,False,False,False
8830e15e-3045-4490-8f4b-94459985b32c,ATLAS_IA,SCALPING_M1,SCALPING_M1,USDCHFz,M1,SELL,0.78859,0.78863,0.7882687,0.787672,12.49,0.5,-49.96,-0.4,2026-03-17T04:00:29Z,2026-03-17T04:00:29Z,0,1,SL,8.5,8.5,False,False,False
a3e5ad6f-eeef-4b19-8101-971d22d95675,ATLAS_IA,SCALPING_M1,SCALPING_M1,EURUSDz,M1,BUY,1.14928,1.1491500000000001,1.1497713999999999,1.1506839999999996,3.84,0.5,-49.92,-1.3,2026-03-17T04:00:55Z,2026-03-17T04:00:55Z,0,1,SL,7.25,7.25,False,False,False
e9b7b111-ca74-4a89-a84b-0400be6fc544,ATLAS_IA,SCALPING_M1,SCALPING_M1,USDCHFz,M1,SELL,0.78855,0.78863,0.7882287,0.787632,6.24,0.5,-49.92,-0.8,2026-03-17T04:00:55Z,2026-03-17T04:00:55Z,0,1,SL,7.25,7.25,False,False,False
921cae9c-2c5f-4252-a397-2d2d95f767c8,ATLAS_IA,SCALPING_M1,SCALPING_M1,EURUSDz,M1,BUY,1.14927,1.1491500000000001,1.1497613999999998,1.1506739999999995,4.16,0.5,-49.92,-1.2,2026-03-17T04:01:01Z,2026-03-17T04:01:01Z,0,1,SL,7.25,7.25,False,False,False
0ea6c14f-ddb1-4d1f-bbae-36d9d03e7f88,ATLAS_IA,SCALPING_M1,SCALPING_M1,USDCHFz,M1,SELL,0.78855,0.78863,0.7882287,0.787632,6.24,0.5,-49.92,-0.8,2026-03-17T04:01:01Z,2026-03-17T04:01:01Z,0,1,SL,7.25,7.25,False,False,False
5a60bb9b-c667-40c0-b9b2-4b0ac638fede,ATLAS_IA,SCALPING_M1,SCALPING_M1,USTECz,M1,SELL,24594.27,24598.42,24582.993000000002,24562.050000000003,0.1,1.5,-0.41,-4.15,2026-03-17T04:01:17Z,2026-03-17T04:08:45Z,448,1,SL,11.0,11.0,False,False,False
d4592ff3-6b6d-4232-a054-75ea8f1699db,ATLAS_IA,SCALPING_M1,SCALPING_M1,USDCADz,M1,SELL,1.36874,1.36881,1.3685006,1.368056,14.28,1.0,-99.96,-0.7,2026-03-17T04:00:23Z,2026-03-17T04:10:10Z,587,1,SL,9.75,9.75,False,False,False
e1f4db85-78f6-4b69-bf83-109efbf214a3,ATLAS_IA,SCALPING_M1,SCALPING_M1,USOILz,M1,SELL,95.286,95.357,95.08377,94.7082,0.1,1.5,-0.71,-0.071,2026-03-17T04:02:33Z,2026-03-17T04:10:31Z,478,1,SL,11.0,11.0,False,False,False
3f3518d9-a085-42e0-b04b-d455a77dfe76,ATLAS_IA,SCALPING_M1,SCALPING_M1,XAUUSDz,M1,SELL,5027.767,5030.278,5025.0435099999995,5019.985599999999,0.39,1.0,-97.93,-2.511,2026-03-17T04:01:01Z,2026-03-17T04:11:08Z,607,1,SL,9.75,9.75,False,False,False
09d06cbf-2b16-4cee-a10a-0b1444d2cc7f,ATLAS_IA,SCALPING_M1,SCALPING_M1,EURCADz,M1,BUY,1.57301,1.57281,1.5735707,1.5746120000000001,7.5,1.5,-150.0,-2.0,2026-03-17T04:01:44Z,2026-03-17T04:11:19Z,575,1,SL,11.0,11.0,False,False,False
1dee3f78-3024-4125-a553-d94b0415f109,ATLAS_IA,SCALPING_M1,SCALPING_M1,EURAUDz,M1,BUY,1.62659,1.62625,1.6283351000000001,1.6315760000000004,2.94,1.0,523.06,17.79,2026-03-17T04:08:03Z,2026-03-17T04:15:52Z,469,2,BE_CLOSE,9.5,9.5,True,True,False
a8711a49-8826-4ff0-b06b-0c06bbe2cdae,ATLAS_IA,SCALPING_M1,SCALPING_M1,USDJPYz,M1,SELL,159.317,159.361,159.27290000000002,159.19100000000003,2.52,1.0,-99.79,-4.4,2026-03-17T04:01:06Z,2026-03-17T04:21:51Z,1245,1,SL,10.0,10.0,False,False,False
a598ceee-bea4-4cc1-9fdc-4e89e937276b,ATLAS_IA,SCALPING_M1,SCALPING_M1,USTECz,M1,BUY,24595.06,24584.63,24606.2992,24627.172000000002,0.1,1.0,1.12,11.2392,2026-03-17T04:08:50Z,2026-03-17T04:24:12Z,922,1,TP1_PARTIAL,9.0,9.0,True,False,False
530613d7-ec9e-49ae-90c2-5a3202fc5e6c,ATLAS_IA,SCALPING_M1,SCALPING_M1,USOILz,M1,SELL,95.27,95.464,95.0621,94.676,0.1,1.0,2.08,0.2079,2026-03-17T04:18:01Z,2026-03-17T04:28:22Z,621,1,TP1_PARTIAL,10.25,10.25,True,False,False
3ac8c26b-ce2b-4e54-a573-eb8daef7b7c5,ATLAS_IA,SCALPING_M1,SCALPING_M1,XAUUSDz,M1,BUY,5029.458,5026.335,5032.145579999999,5037.136799999999,0.32,1.0,86.0,2.68758,2026-03-17T04:11:13Z,2026-03-17T04:31:51Z,1238,1,TP1_PARTIAL,9.25,9.25,True,False,False
3cd048ce-2df6-4fdc-af11-6782ef1a213a,ATLAS_IA,SCALPING_M1,SCALPING_M1,EURAUDz,M1,SELL,1.62644,1.6273,1.6256966000000002,1.624316,1.16,1.0,-99.76,-8.6,2026-03-17T04:17:32Z,2026-03-17T04:31:52Z,860,1,SL,9.25,9.25,False,False,False
ebdd735a-e6c7-4a20-96a5-58d235ff086b,ATLAS_IA,SCALPING_M1,SCALPING_M1,USDCHFz,M1,SELL,0.78859,0.78874,0.7884325,0.7881400000000001,6.66,1.0,104.9,1.58,2026-03-17T04:14:12Z,2026-03-17T04:32:32Z,1100,1,TP1_PARTIAL,10.25,10.25,True,False,False
8eeb648d-707c-4cf6-9c60-b8b6bf5e49e6,ATLAS_IA,SCALPING_M1,SCALPING_M1,EURCADz,M1,SELL,1.57284,1.5730499999999998,1.5726195,1.5722100000000003,2.38,0.5,-49.98,-2.1,2026-03-17T04:11:24Z,2026-03-17T04:32:32Z,1268,1,SL,8.75,8.75,False,False,False
9c36abe0-fd13-46ad-af1a-f7f19c5c424a,ATLAS_IA,SCALPING_M1,SCALPING_M1,NZDUSDz,M1,SELL,0.58424,0.58455,0.5839816999999999,0.583502,1.61,0.5,-49.91,-3.1,2026-03-17T04:10:10Z,2026-03-17T04:33:02Z,1372,1,SL,8.75,8.75,False,False,False
000328b0-7517-4a49-97e0-beee425a6e6a,ATLAS_IA,SCALPING_M1,SCALPING_M1,AUDUSDz,M1,SELL,0.70643,0.70672,0.7056802999999999,0.7042879999999999,3.44,1.0,-99.76,-2.9,2026-03-17T04:07:05Z,2026-03-17T04:33:02Z,1557,1,SL,9.0,9.0,False,False,False
97fa54cc-58cc-4aab-8dfe-3c656f4e9f89,ATLAS_IA,SCALPING_M1,SCALPING_M1,GBPNZDz,M1,BUY,2.27656,2.27582,2.277316,2.27872,1.35,1.0,-99.9,-7.4,2026-03-17T04:01:22Z,2026-03-17T04:33:02Z,1900,1,SL,9.25,9.25,False,False,False
3d20b112-a7ce-4061-acd1-8c5223224584,ATLAS_IA,SCALPING_M1,SCALPING_M1,GBPUSDz,M1,SELL,1.33013,1.33045,1.3298465000000002,1.3293200000000003,1.56,0.5,-49.92,-3.2,2026-03-17T04:13:03Z,2026-03-17T04:41:22Z,1699,1,SL,8.5,8.5,False,False,False
a045f35f-64da-4816-a889-10a26abee07f,ATLAS_IA,SCALPING_M1,SCALPING_M1,BTCUSDz,M1,SELL,74497.95,74695.64,74314.809,73974.69,0.1,1.0,18.31,0.0,2026-03-17T04:17:22Z,2026-03-17T04:41:32Z,1450,1,TP1_PARTIAL,10.0,10.0,True,False,False
34ed2ef2-a87f-469d-a896-bf189217e518,ATLAS_IA,SCALPING_M1,SCALPING_M1,GBPNZDz,M1,SELL,2.2757899999999998,2.27656,2.2750654999999997,2.27372,1.29,1.0,-99.33,-7.7,2026-03-17T04:33:12Z,2026-03-17T04:42:42Z,570,1,SL,9.25,9.25,False,False,False
4d36f967-164c-4dc4-8ff3-11ecc2777c5d,ATLAS_IA,SCALPING_M1,SCALPING_M1,EURAUDz,M1,SELL,1.62648,1.6276000000000002,1.6254468,1.6235279999999999,0.89,1.0,91.95,10.33,2026-03-17T04:32:02Z,2026-03-17T04:57:32Z,1530,1,TP1_PARTIAL,9.25,9.25,True,False,False
55fe6332-0742-4f6a-9993-d06981a35eef,ATLAS_IA,SCALPING_M1,SCALPING_M1,BTCUSDz,M1,SELL,74236.23,74304.95,74051.6148,73708.758,0.1,0.5,19.15,0.0,2026-03-17T05:00:07Z,2026-03-17T05:05:03Z,296,2,BE_CLOSE,8.5,8.5,True,True,False
2addc56a-bd82-40bd-b843-b8e0e7448f93,ATLAS_IA,SCALPING_M1,SCALPING_M1,BTCUSDz,M1,SELL,74263.98,74319.56,74123.7042,73863.192,0.1,1.0,-5.56,0.0,2026-03-17T05:06:00Z,2026-03-17T05:14:36Z,516,1,SL,10.25,10.25,False,False,False
d7d6ca6f-ff2d-4f34-a027-148f07b599a2,ATLAS_IA,SCALPING_M1,SCALPING_M1,XAUUSDz,M1,SELL,5037.219,5042.037,5031.99378,5022.2898000000005,0.2,1.0,-96.36,-4.818,2026-03-17T05:00:39Z,2026-03-17T05:17:35Z,1016,1,SL,9.0,9.0,False,False,False
c9e4da76-c8eb-4f33-a656-0448faec19e3,ATLAS_IA,SCALPING_M1,SCALPING_M1,USTECz,M1,SELL,24633.11,24648.18,24618.9476,24592.646,0.1,1.0,-1.51,-15.07,2026-03-17T05:01:00Z,2026-03-17T05:18:53Z,1073,1,SL,10.0,10.0,False,False,False
02e4e372-ca37-40d3-8646-0cfff464f3f2,ATLAS_IA,SCALPING_M5,SCALPING_M5,USDCHFz,M5,BUY,0.78823,0.78794,0.7892244,0.7907160000000002,3.44,1.0,342.07,9.94,2026-03-17T05:04:27Z,2026-03-17T05:36:17Z,1910,1,TP1_PARTIAL,10.0,10.0,True,False,False
0264ce66-f99f-4123-ad43-a06992942b39,ATLAS_IA,SCALPING_M5,SCALPING_M5,EURUSDz,M5,SELL,1.1497,1.15028,1.1485295999999998,1.1467739999999997,1.72,1.0,211.29,12.28,2026-03-17T05:04:27Z,2026-03-17T11:31:11Z,23204,2,BE_CLOSE,10.0,10.0,True,True,False
ab2e8b9a-5844-42b4-b198-caf64d04ccc6,ATLAS_IA,SCALPING_M5,SCALPING_M5,EURGBPz,M5,SELL,0.86384,0.86402,0.8634880000000001,0.8629600000000002,2.77,0.5,-49.86,-1.8,2026-03-17T05:55:33Z,2026-03-17T06:14:50Z,1157,1,SL,7.0,7.0,False,False,False
c025a5af-38cb-47f0-83cc-093b48dcf40f,ATLAS_IA,SCALPING_M5,SCALPING_M5,EURJPYz,M5,BUY,183.108,183.027,183.29368000000002,183.57220000000004,1.37,1.0,-99.87,-8.1,2026-03-17T05:30:03Z,2026-03-17T06:42:06Z,4323,1,SL,10.0,10.0,False,False,False
4d589c32-a42e-432e-960a-959647a32d4f,ATLAS_IA,SCALPING_M5,SCALPING_M5,EURCADz,M5,SELL,1.57333,1.5738400000000001,1.5720363999999998,1.5700959999999997,1.96,1.0,253.55,12.94,2026-03-17T05:04:27Z,2026-03-17T06:47:58Z,6211,1,TP1_PARTIAL,10.0,10.0,True,False,False
91160a9a-ffd2-4499-9308-351890b58926,ATLAS_IA,SCALPING_M5,SCALPING_M5,USDCADz,M5,SELL,1.36865,1.3689200000000001,1.3678667999999998,1.3666919999999998,3.7,1.0,-99.9,-2.7,2026-03-17T05:28:28Z,2026-03-17T07:05:46Z,5838,1,SL,10.0,10.0,False,False,False
fb36b44b-b978-4b80-8716-840cb01fa26e,ATLAS_IA,SCALPING_M5,SCALPING_M5,GBPUSDz,M5,BUY,1.33073,1.33,1.3321115999999997,1.3341839999999996,1.36,1.0,-99.28,-7.3,2026-03-17T05:30:24Z,2026-03-17T07:05:51Z,5727,1,SL,10.0,10.0,False,False,False
4d27284a-64bc-4088-941b-d8e9aba48523,ATLAS_IA,SCALPING_M5,SCALPING_M5,USTECz,M5,BUY,24614.28,24580.52,24678.3088,24774.351999999995,0.1,1.0,-3.38,-33.76,2026-03-17T05:45:07Z,2026-03-17T07:19:10Z,5643,1,SL,10.0,10.0,False,False,False
6b932c47-fc38-4d89-ba1c-3ff25c9266ca,ATLAS_IA,SCALPING_M5,SCALPING_M5,USOILz,M5,SELL,94.977,95.464,94.10492,92.7968,0.1,1.0,-4.87,-0.487,2026-03-17T05:36:01Z,2026-03-17T07:19:10Z,6189,1,SL,10.0,10.0,False,False,False
09994954-9b18-4c68-aff3-77b49caf9ca1,ATLAS_IA,SCALPING_M5,SCALPING_M5,XAUUSDz,M5,BUY,5032.589,5020.735,5053.60252,5085.1228,0.08,1.0,-94.83,-11.854,2026-03-17T05:40:55Z,2026-03-17T07:27:19Z,6384,1,SL,10.0,10.0,False,False,False
a91e55c2-9c3d-47b3-aa63-4ad8e1727b7f,ATLAS_IA,SCALPING_M1,SCALPING_M1,EURGBPz,M1,BUY,0.86371,0.86363,0.8637855999999999,0.863926,6.25,0.5,-50.0,-0.8,2026-03-17T05:11:16Z,2026-03-17T11:31:13Z,22797,1,SL,8.5,8.5,False,False,False
0692ce3b-0df6-4aab-a62f-83d6a88adb9e,ATLAS_IA,SCALPING_M1,SCALPING_M1,BTCUSDz,M1,BUY,74305.57,74096.9,74497.83970000001,74854.91200000001,0.1,0.5,-20.87,0.0,2026-03-17T05:14:41Z,2026-03-17T11:31:18Z,22597,1,SL,8.0,8.0,False,False,False
4dfc9825-2498-4c87-80e7-c679cc91bf54,ATLAS_IA,SCALPING_M1,SCALPING_M1,EURCADz,M1,SELL,1.5731899999999999,1.57344,1.5729191,1.572416,3.99,1.0,-99.75,-2.5,2026-03-17T05:00:23Z,2026-03-17T11:33:58Z,23615,1,SL,10.25,10.25,False,False,False
814a6513-59ce-4d0e-be40-1b7536464ad4,ATLAS_IA,SCALPING_M5,SCALPING_M5,GBPUSDz,M5,SELL,1.32946,1.33157,1.3257552000000001,1.3201980000000004,0.47,1.0,-99.17,-21.1,2026-03-17T07:09:53Z,2026-03-17T11:34:01Z,15848,1,SL,10.0,10.0,False,False,False
fa058c92-f4cf-4209-9088-378117477a9f,ATLAS_IA,SCALPING_M1,SCALPING_M1,EURUSDz,M1,SELL,1.14962,1.14998,1.1492861,1.1486660000000002,2.77,1.0,-99.72,-3.6,2026-03-17T05:00:18Z,2026-03-17T11:34:46Z,23668,1,SL,10.0,10.0,False,False,False
9d227c8d-6c95-47e7-8433-1a6539954b14,ATLAS_IA,SCALPING_M1,SCALPING_M1,USDJPYz,M1,BUY,159.239,159.216,159.31334,159.4514,2.41,0.5,-49.89,-2.3,2026-03-17T04:59:36Z,2026-03-17T11:34:46Z,23710,1,SL,8.75,8.75,False,False,False
f990632f-734d-455b-bb22-a5ab50e23926,ATLAS_IA,SCALPING_M1,SCALPING_M1,USDCADz,M1,BUY,1.36846,1.3682,1.3687308999999999,1.3692339999999998,3.84,1.0,401.25,10.45,2026-03-17T04:59:21Z,2026-03-17T11:34:46Z,23725,2,TP2_FINAL,9.25,9.25,True,False,True
3400ac76-89a3-452f-957b-88dc2efef7a0,ATLAS_IA,SCALPING_M1,SCALPING_M1,XAUUSDz,M1,BUY,5041.76,5032.695,5049.26897,5063.2142,0.11,1.0,-99.72,-9.065,2026-03-17T05:18:06Z,2026-03-17T11:34:46Z,22600,1,SL,9.5,9.5,False,False,False
187c13bc-d79a-4567-aa3b-8483aa92d629,ATLAS_IA,SCALPING_M1,SCALPING_M1,USDJPYz,M1,SELL,159.0,159.043,158.95337999999998,158.86679999999998,3.87,1.5,-149.77,-4.3,2026-03-17T11:43:59Z,2026-03-17T12:05:27Z,1288,1,SL,11.0,11.0,False,False,False
365315eb-8161-4a2f-bd4c-bc86317a0b95,ATLAS_IA,SCALPING_M1,SCALPING_M1,BTCUSDz,M1,SELL,74046.45,74097.38,73916.0085,73673.76,0.1,0.5,-5.09,0.0,2026-03-17T11:35:56Z,2026-03-17T12:05:37Z,1781,1,SL,8.5,8.5,False,False,False
df45dff3-e915-45c3-a95b-ae930e350ed8,ATLAS_IA,SCALPING_M1,SCALPING_M1,XAUUSDz,M1,BUY,5007.453,5004.292,5010.88839,5017.2684,0.31,1.0,-97.99,-3.161,2026-03-17T11:43:59Z,2026-03-17T12:05:38Z,1299,1,SL,9.75,9.75,False,False,False
d4f985e6-5bd0-4b96-971f-9222d235944a,ATLAS_IA,SCALPING_M1,SCALPING_M1,NZDUSDz,M1,BUY,0.58449,0.58423,0.5847608999999999,0.5852639999999998,3.84,1.0,104.03,2.71,2026-03-17T11:36:07Z,2026-03-17T12:33:05Z,3418,1,TP1_PARTIAL,10.0,10.0,True,False,False
93ddc5cc-0533-4140-a554-7d9729c66ad4,ATLAS_IA,SCALPING_M1,SCALPING_M1,USOILz,M1,BUY,96.086,95.55,96.53897,97.38020000000002,0.1,1.0,-5.36,-0.536,2026-03-17T11:35:51Z,2026-03-17T12:33:38Z,3467,1,SL,9.25,9.25,False,False,False
b636c47e-da41-4082-802c-78524eec8b9c,ATLAS_IA,SCALPING_M1,SCALPING_M1,BTCUSDz,M1,BUY,74070.35,74018.59,74217.58730000001,74491.02800000002,0.1,1.0,-5.18,0.0,2026-03-17T12:05:43Z,2026-03-17T12:34:27Z,1724,1,SL,9.75,9.75,False,False,False
afe54e26-80a6-4d98-b741-8e2d72d15501,ATLAS_IA,SCALPING_M1,SCALPING_M1,EURJPYz,M1,BUY,183.098,183.049,183.1484,183.242,2.26,1.0,112.48,5.53,2026-03-17T11:36:01Z,2026-03-17T12:41:12Z,3911,2,BE_CLOSE,10.0,10.0,True,True,False
8ee1663e-28a2-4a3a-921d-102ba568d660,ATLAS_IA,SCALPING_M1,SCALPING_M1,EURGBPz,M1,BUY,0.8636,0.86346,0.8637386,0.863996,3.57,0.5,49.48,1.39,2026-03-17T11:35:51Z,2026-03-17T12:34:43Z,3532,1,TP1_PARTIAL,8.5,8.5,True,False,False
8555292b-6b22-4c58-a71d-7305e7eb7e58,ATLAS_IA,SCALPING_M1,SCALPING_M1,USTECz,M1,BUY,24648.53,24630.99,24666.459799999997,24699.757999999998,0.1,0.5,6.91,69.1578,2026-03-17T11:43:59Z,2026-03-17T12:35:05Z,3066,2,TP2_FINAL,8.0,8.0,True,False,True
1c5df543-f063-4541-be0b-eaaf3821dd82,ATLAS_IA,SCALPING_M1,SCALPING_M1,AUDUSDz,M1,SELL,0.70864,0.70903,0.7082305,0.7074699999999999,2.56,1.0,-99.84,-3.9,2026-03-17T11:36:07Z,2026-03-17T12:35:10Z,3543,1,SL,10.25,10.25,False,False,False
0bc36e3c-5bd3-403c-922e-69a17aa33342,ATLAS_IA,SCALPING_M1,SCALPING_M1,USDCHFz,M1,SELL,0.7864,0.78684,0.7859464,0.7851040000000001,2.27,1.0,-99.88,-4.4,2026-03-17T11:43:59Z,2026-03-17T12:35:10Z,3071,1,SL,10.0,10.0,False,False,False
102fc40e-8e49-44cc-9be2-22e5abef6b25,ATLAS_IA,SCALPING_M1,SCALPING_M1,GBPNZDz,M1,BUY,2.28155,2.28092,2.2821548000000003,2.283278,1.58,1.0,-99.54,-6.3,2026-03-17T11:44:30Z,2026-03-17T12:36:15Z,3105,1,SL,9.25,9.25,False,False,False
aebde871-c803-400d-8f13-d532f3cd3dca,ATLAS_IA,SCALPING_M1,SCALPING_M1,EURCADz,M1,BUY,1.57748,1.57684,1.5780155,1.57901,1.56,1.0,322.22,20.66,2026-03-17T12:05:27Z,2026-03-17T12:54:12Z,2925,2,TP2_FINAL,9.25,9.25,True,False,True
d7d38d8a-3521-4c20-87ca-7acc93de6b68,ATLAS_IA,SCALPING_M1,SCALPING_M1,XAUUSDz,M1,SELL,5002.661,5010.741,4995.51932,4982.2562,0.06,0.5,-48.48,-8.08,2026-03-17T12:06:10Z,2026-03-17T12:39:24Z,1994,1,SL,8.0,8.0,False,False,False
66b82496-801a-44ee-a56c-dcb968cfd1c3,ATLAS_IA,SCALPING_M1,SCALPING_M1,USDCADz,M1,SELL,1.37025,1.37081,1.3696578,1.3685579999999997,2.67,1.5,-149.52,-5.6,2026-03-17T12:05:32Z,2026-03-17T12:43:42Z,2290,1,SL,11.0,11.0,False,False,False
ae5f43b1-7bbc-443b-b6dc-cdc662dcf5c8,ATLAS_IA,SCALPING_M1,SCALPING_M1,BTCUSDz,M1,BUY,73866.19,73777.26,74112.1168,74568.838,0.1,1.0,-8.89,0.0,2026-03-17T12:34:32Z,2026-03-17T12:47:13Z,761,1,SL,10.25,10.25,False,False,False
8163bc45-6e2d-4234-8590-24d97632bbce,ATLAS_IA,SCALPING_M1,SCALPING_M1,EURUSDz,M1,BUY,1.15126,1.15044,1.1520097,1.153402,1.21,1.0,349.89,28.92,2026-03-17T12:05:27Z,2026-03-17T13:08:31Z,3784,2,TP2_FINAL,10.0,10.0,True,False,True
45edf500-d709-4980-be0b-34e65070f9fa,ATLAS_IA,SCALPING_M1,SCALPING_M1,USDCADz,M1,BUY,1.37072,1.37032,1.3711295,1.37189,1.25,0.5,-50.0,-4.0,2026-03-17T12:43:53Z,2026-03-17T12:55:13Z,680,1,SL,8.75,8.75,False,False,False
1f8fc018-d816-4810-82cb-72d349b1c8a7,ATLAS_IA,SCALPING_M1,SCALPING_M1,GBPNZDz,M1,BUY,2.27965,2.27901,2.2802422,2.281342,1.56,1.0,-99.84,-6.4,2026-03-17T12:36:21Z,2026-03-17T13:00:40Z,1459,1,SL,9.25,9.25,False,False,False
cdc8f838-7755-4bb3-9acb-ccaada4f0950,ATLAS_IA,SCALPING_M1,SCALPING_M1,GBPUSDz,M1,SELL,1.33316,1.334,1.3324669999999998,1.3311799999999998,0.59,0.5,-49.56,-8.4,2026-03-17T11:36:13Z,2026-03-17T13:06:05Z,5392,1,SL,8.0,8.0,False,False,False
38ffffa2-0da8-4ec1-bc5e-0dd96c61e70d,ATLAS_IA,SCALPING_M1,SCALPING_M1,USDCHFz,M1,BUY,0.78722,0.78674,0.7877303,0.788678,2.08,1.0,-99.84,-4.8,2026-03-17T12:35:26Z,2026-03-17T13:06:11Z,1845,1,SL,9.75,9.75,False,False,False
91e5aee5-ce3a-4336-8fca-85c7f2f9366a,ATLAS_IA,SCALPING_M1,SCALPING_M1,EURJPYz,M1,SELL,183.109,183.181,183.04474,182.9254,1.54,1.0,-99.79,-7.2,2026-03-17T12:41:17Z,2026-03-17T13:08:04Z,1607,1,SL,10.0,10.0,False,False,False
bee08dd5-8e35-4da9-bd55-27b9aea41a71,ATLAS_IA,SCALPING_M1,SCALPING_M1,EURCADz,M1,BUY,1.57889,1.57829,1.5794129,1.580384,1.66,1.0,334.8,20.17,2026-03-17T12:54:17Z,2026-03-17T13:12:28Z,1091,2,TP2_FINAL,9.25,9.25,True,False,True
425f77c0-f939-44ac-a9af-e8bc6b1904a7,ATLAS_IA,SCALPING_M1,SCALPING_M1,AUDUSDz,M1,BUY,0.70934,0.70876,0.7098251,0.7107260000000001,1.72,1.0,321.83,18.71,2026-03-17T12:35:16Z,2026-03-17T13:13:38Z,2302,2,TP2_FINAL,10.0,10.0,True,False,True
13f4983f-1169-4d2d-a364-718582297339,ATLAS_IA,SCALPING_M1,SCALPING_M1,EURUSDz,M1,SELL,1.15334,1.15364,1.1525777000000001,1.1511620000000002,3.33,1.0,-99.9,-3.0,2026-03-17T13:19:13Z,2026-03-17T13:21:22Z,129,1,SL,9.75,9.75,False,False,False
4b5aa460-fe7f-472c-9283-3474d58f0aac,ATLAS_IA,SCALPING_M1,SCALPING_M1,BTCUSDz,M1,SELL,73762.1,73866.6,73649.8466,73441.37599999999,0.1,1.0,-10.45,0.0,2026-03-17T13:18:20Z,2026-03-17T13:21:27Z,187,1,SL,10.25,10.25,False,False,False
bef42b11-ba73-4a71-b0a9-c810753ad718,ATLAS_IA,SCALPING_M5,SCALPING_M5,USTECz,M5,SELL,24869.37,24912.53,24634.286799999998,24281.662,0.1,1.0,23.51,235.0832,2026-03-17T15:03:08Z,2026-03-17T15:09:02Z,354,1,TP1_PARTIAL,10.0,10.0,True,False,False
41620a4b-16e1-49b5-a58b-bb1ae172aef4,ATLAS_IA,SCALPING_M5,SCALPING_M5,BTCUSDz,M5,SELL,73954.24,74252.3,73425.9496,72633.514,0.1,1.0,-29.81,0.0,2026-03-17T13:38:51Z,2026-03-17T15:13:53Z,5702,1,SL,10.0,10.0,False,False,False
331b62f4-a642-4eb1-ae3a-19f73f9ea1eb,ATLAS_IA,SCALPING_M5,SCALPING_M5,USDCHFz,M5,SELL,0.78664,0.78764,0.7848624,0.782196,0.99,1.0,175.98,17.78,2026-03-17T13:53:48Z,2026-03-17T16:11:49Z,8281,1,TP1_PARTIAL,10.0,10.0,True,False,False
9910a5af-5918-4b0a-aa15-df806d629f0e,ATLAS_IA,SCALPING_M5,SCALPING_M5,XAUUSDz,M5,SELL,5018.264,5031.554,4987.7411999999995,4941.956999999999,0.07,1.0,213.66,30.5228,2026-03-17T13:51:15Z,2026-03-17T16:18:21Z,8826,1,TP1_PARTIAL,10.0,10.0,True,False,False
3cd8baab-5670-41a6-8597-fa6807c39953,ATLAS_IA,SCALPING_M5,SCALPING_M5,USDCADz,M5,SELL,1.3695300000000001,1.37097,1.3669692000000002,1.3631280000000001,0.69,1.0,-99.36,-14.4,2026-03-17T14:40:56Z,2026-03-17T16:20:02Z,5946,1,SL,10.0,10.0,False,False,False
1db70cda-8b2c-45f0-9fe8-9f815bde466f,ATLAS_IA,SCALPING_M5,SCALPING_M5,EURJPYz,M5,BUY,183.19,183.037,183.49184,183.94459999999998,0.72,1.0,195.59,30.18,2026-03-17T13:39:32Z,2026-03-17T19:25:06Z,20734,1,TP1_PARTIAL,10.0,10.0,True,False,False
50c5b22e-8848-42a5-9f83-6ea7afadfdfc,ATLAS_IA,SCALPING_M5,SCALPING_M5,GBPUSDz,M5,SELL,1.33429,1.33603,1.3299956,1.323554,0.57,1.0,-99.18,-17.4,2026-03-17T14:25:05Z,2026-03-17T19:25:32Z,18027,1,SL,10.0,10.0,False,False,False
9e3f0dff-6096-4a47-9c80-f95701977e9a,ATLAS_IA,SCALPING_M5,SCALPING_M5,GBPUSDz,M5,SELL,1.33601,1.33646,1.3340124,1.331016,2.22,1.0,453.46,20.43,2026-03-17T19:25:37Z,2026-03-17T23:37:40Z,15123,2,BE_CLOSE,10.0,10.0,True,True,False
0da2758d-9c47-4be1-b625-ab0a583a9aba,ATLAS_IA,SCALPING_M5,SCALPING_M5,GBPUSDz,M5,SELL,1.33588,1.33625,1.335044,1.33379,1.35,0.5,-49.95,-3.7,2026-03-17T23:37:46Z,2026-03-18T00:17:55Z,2409,1,SL,7.0,7.0,False,False,False
8d77980d-695b-4344-b90b-d2d58d783410,ATLAS_IA,SCALPING_M5,SCALPING_M5,GBPUSDz,M5,SELL,1.33601,1.3363399999999999,1.3352884,1.3342060000000002,1.51,0.5,108.96,7.22,2026-03-18T00:18:00Z,2026-03-18T02:00:04Z,6124,1,TP1_PARTIAL,7.0,7.0,True,False,False
ae534eb3-53ca-41b3-a338-d2d00488dafb,ATLAS_IA,SCALPING_M1,SCALPING_M1,EURUSDz,M1,BUY,1.15402,1.15329,1.1547067,1.155982,0.68,0.5,-49.64,-7.3,2026-03-17T13:38:30Z,2026-03-18T03:19:29Z,49259,1,SL,8.75,8.75,False,False,False
4559574f-6427-448e-b2a9-a59699d2b3a6,ATLAS_IA,SCALPING_M1,SCALPING_M1,BTCUSDz,M1,BUY,73941.38,73661.0,74227.9985,74760.29,0.1,1.0,28.66,0.0,2026-03-17T13:38:30Z,2026-03-18T03:19:47Z,49277,1,TP1_PARTIAL,9.25,9.25,True,False,False
831a6d21-c080-4b10-aacd-e64f12d7e1c4,ATLAS_IA,SCALPING_M1,SCALPING_M1,NZDUSDz,M1,BUY,0.58635,0.5858,0.5868036000000001,0.5876460000000001,0.9,0.5,-49.5,-5.5,2026-03-17T13:38:30Z,2026-03-18T03:20:12Z,49302,1,SL,7.5,7.5,False,False,False
407b3acc-2265-4cb5-8b4e-ebc3a4623db5,ATLAS_IA,SCALPING_M1,SCALPING_M1,USOILz,M1,BUY,93.612,93.387,93.81801,94.2006,0.1,0.5,-2.25,-0.225,2026-03-18T03:19:29Z,2026-03-18T03:24:16Z,287,1,SL,8.75,8.75,False,False,False
7959c58a-36fa-4e17-a5a4-4d06bda362fe,ATLAS_IA,SCALPING_M1,SCALPING_M1,EURAUDz,M1,BUY,1.62184,1.6209,1.6226842000000001,1.6242520000000003,1.06,1.0,89.49,8.44,2026-03-17T13:38:30Z,2026-03-18T03:29:56Z,49886,1,TP1_PARTIAL,9.5,9.5,True,False,False
925ddb80-13ab-4cbc-ab8f-f5158a70bb23,ATLAS_IA,SCALPING_M1,SCALPING_M1,USDCADz,M1,BUY,1.36969,1.36959,1.369942,1.37041,5.0,0.5,126.0,2.52,2026-03-18T03:23:10Z,2026-03-18T03:31:23Z,493,1,TP1_PARTIAL,8.25,8.25,True,False,False
8b0b2aef-351d-4485-b258-754ed86b3132,ATLAS_IA,SCALPING_M1,SCALPING_M1,AUDUSDz,M1,BUY,0.71155,0.71093,0.7121107000000001,0.7131520000000001,0.8,0.5,-49.6,-6.2,2026-03-17T13:38:30Z,2026-03-18T03:32:18Z,50028,1,SL,8.75,8.75,False,False,False
040df226-c615-4488-87d0-a58ba8f596cd,ATLAS_IA,SCALPING_M1,SCALPING_M1,XAUUSDz,M1,BUY,5021.664,5010.69,5031.98151,5051.1426,0.09,1.0,-98.77,-10.974,2026-03-17T13:38:35Z,2026-03-18T03:32:29Z,50034,1,SL,9.25,9.25,False,False,False
4162f6ad-40c8-4f94-97e0-7fd79f6055a7,ATLAS_IA,SCALPING_M1,SCALPING_M1,EURAUDz,M1,SELL,1.6233,1.62366,1.6229660999999997,1.6223459999999996,1.38,0.5,-49.68,-3.6,2026-03-18T12:28:28Z,2026-03-18T12:28:33Z,5,1,SL,8.5,8.5,False,False,False
9d80e3b5-e5eb-4e8a-9706-67dfdb1fa8b9,ATLAS_IA,SCALPING_M1,SCALPING_M1,EURJPYz,M1,SELL,183.483,183.522,183.44079000000002,183.36240000000004,4.27,1.5,-149.88,-3.9,2026-03-18T12:28:28Z,2026-03-18T12:30:17Z,109,1,SL,11.0,11.0,False,False,False
8baeb025-d3c4-453e-a251-6c2639df5f38,ATLAS_IA,SCALPING_M1,SCALPING_M1,USDCHFz,M1,SELL,0.78666,0.78674,0.7862946,0.785616,12.5,1.0,-100.0,-0.8,2026-03-18T12:28:33Z,2026-03-18T12:30:50Z,137,1,SL,10.25,10.25,False,False,False
9684c0f8-0c5c-4099-b3a9-3b4b379c60fa,ATLAS_IA,SCALPING_M1,SCALPING_M1,USDJPYz,M1,SELL,159.183,159.196,159.12126,159.00660000000002,4.27,0.5,-49.96,-1.3,2026-03-18T12:28:33Z,2026-03-18T12:34:12Z,339,1,SL,7.5,7.5,False,False,False
9daad275-4b52-4adb-91e4-50437ffbd1e9,ATLAS_IA,SCALPING_M1,SCALPING_M1,BTCUSDz,M1,BUY,72843.14,72669.65,72994.11319999999,73274.492,0.1,1.0,-17.35,0.0,2026-03-18T12:28:33Z,2026-03-18T12:34:34Z,361,1,SL,9.25,9.25,False,False,False
8ceba7c3-ccd5-4f4d-96f2-cf8e91c6a14e,ATLAS_IA,SCALPING_M1,SCALPING_M1,USDCADz,M1,SELL,1.36969,1.37015,1.3691986,1.3682860000000001,2.17,1.0,-99.82,-4.6,2026-03-18T12:29:06Z,2026-03-18T12:51:29Z,1343,1,SL,10.25,10.25,False,False,False
564d791e-57c7-49ee-9768-767969b6e8b0,ATLAS_IA,SCALPING_M1,SCALPING_M1,EURAUDz,M1,SELL,1.6287099999999999,1.62912,1.6276642000000001,1.6257220000000003,1.21,0.5,-49.61,-4.1,2026-03-18T12:28:44Z,2026-03-18T12:52:08Z,1404,1,SL,8.5,8.5,False,False,False
bfa375ad-227f-43ee-89e3-ed84d9788502,ATLAS_IA,SCALPING_M1,SCALPING_M1,USOILz,M1,SELL,95.496,95.823,94.66062,93.1092,0.1,0.5,-3.27,-0.327,2026-03-18T12:31:23Z,2026-03-18T12:55:52Z,1469,1,SL,8.5,8.5,False,False,False
fbee0677-7802-49a9-a61d-f225ae127ec1,ATLAS_IA,SCALPING_M1,SCALPING_M1,AUDUSDz,M1,SELL,0.70784,0.70873,0.7071029,0.705734,0.56,0.5,41.28,7.37,2026-03-18T12:30:00Z,2026-03-18T12:56:08Z,1568,1,TP1_PARTIAL,7.5,7.5,True,False,False
aa252752-bdd6-4c96-ac84-eac1ac37d0b5,ATLAS_IA,SCALPING_M1,SCALPING_M1,EURUSDz,M1,SELL,1.15233,1.15365,1.1512464,1.149234,0.75,1.0,81.27,10.84,2026-03-18T12:30:11Z,2026-03-18T13:07:20Z,2229,1,TP1_PARTIAL,9.25,9.25,True,False,False
0924ac34-6a80-4b8f-a02f-4222809728bc,ATLAS_IA,SCALPING_M1,SCALPING_M1,USDCHFz,M1,BUY,0.78683,0.78616,0.7874348000000001,0.7885580000000002,1.49,1.0,90.12,6.05,2026-03-18T12:30:56Z,2026-03-18T13:07:42Z,2206,1,TP1_PARTIAL,9.25,9.25,True,False,False
f367d263-4d06-401b-9c63-051f625f7b0f,ATLAS_IA,SCALPING_M1,SCALPING_M1,USDCADz,M1,BUY,1.37038,1.36975,1.3710666999999999,1.372342,1.58,1.0,108.5,6.87,2026-03-18T12:51:34Z,2026-03-18T13:07:53Z,979,1,TP1_PARTIAL,9.0,9.0,True,False,False
498a61e2-1cf6-40fa-bf3a-d25e28a0cff3,ATLAS_IA,SCALPING_M1,SCALPING_M1,GBPNZDz,M1,SELL,2.28509,2.2856,2.2837984999999996,2.2813999999999997,0.98,0.5,-49.98,-5.1,2026-03-18T12:28:44Z,2026-03-18T13:10:29Z,2505,1,SL,8.5,8.5,False,False,False
c0030d57-599c-4e37-9e81-6df16d4fa43d,ATLAS_IA,SCALPING_M1,SCALPING_M1,EURAUDz,M1,BUY,1.6309399999999998,1.62999,1.6317526999999998,1.6332619999999995,0.52,0.5,-49.4,-9.5,2026-03-18T13:43:52Z,2026-03-18T13:59:09Z,917,1,SL,8.0,8.0,False,False,False
485cedf4-e31a-46c5-acb9-f73c1b22e40a,ATLAS_IA,SCALPING_M1,SCALPING_M1,BTCUSDz,M1,SELL,72366.37,72579.41,72146.0023,71736.74799999998,0.1,0.5,85.0,0.0,2026-03-18T13:44:07Z,2026-03-18T14:33:09Z,2942,2,TP2_FINAL,7.5,7.5,True,False,True
70d0c6b2-ba20-4ec4-bf41-418b33cf2d53,ATLAS_IA,SCALPING_M1,SCALPING_M1,EURUSDz,M1,BUY,1.1504,1.15011,1.1511371000000001,1.1525060000000003,3.44,1.0,253.56,7.37,2026-03-18T13:44:02Z,2026-03-18T14:06:20Z,1338,1,TP1_PARTIAL,10.25,10.25,True,False,False
685843cd-2129-4901-8c10-b5baac2168fd,ATLAS_IA,SCALPING_M1,SCALPING_M1,EURGBPz,M1,BUY,0.86401,0.86382,0.8641675,0.8644599999999999,2.63,0.5,159.77,6.08,2026-03-18T13:59:20Z,2026-03-18T14:22:17Z,1377,2,TP2_FINAL,8.75,8.75,True,False,True
c18da3b0-b533-4da9-9fb4-76a58ad14c49,ATLAS_IA,SCALPING_M1,SCALPING_M1,NZDUSDz,M1,SELL,0.58214,0.58272,0.5815667,0.5805020000000001,1.72,1.0,-99.76,-5.8,2026-03-18T13:43:52Z,2026-03-18T14:18:35Z,2083,1,SL,9.25,9.25,False,False,False
e34eafba-a47f-4853-b029-769292ea70f2,ATLAS_IA,SCALPING_M1,SCALPING_M1,EURCADz,M1,BUY,1.57894,1.5781,1.5797716,1.581316,1.19,1.0,-99.96,-8.4,2026-03-18T14:00:15Z,2026-03-18T14:21:33Z,1278,1,SL,9.25,9.25,False,False,False
199c1c3c-4595-48cb-95d2-0a71b931bf15,ATLAS_IA,SCALPING_M1,SCALPING_M1,GBPUSDz,M1,BUY,1.33249,1.33129,1.3334979999999999,1.3353699999999997,0.83,1.0,-99.6,-12.0,2026-03-18T14:03:28Z,2026-03-18T14:22:00Z,1112,1,SL,9.25,9.25,False,False,False
51505379-507a-473b-98eb-6312e6836408,ATLAS_IA,SCALPING_M1,SCALPING_M1,GBPNZDz,M1,SELL,2.28693,2.28862,2.2854999,2.2828440000000003,0.59,1.0,325.45,55.16,2026-03-18T13:44:02Z,2026-03-18T14:22:06Z,2284,2,TP2_FINAL,10.0,10.0,True,False,True
8f1dc8a7-a59f-4d25-881c-0a26ac7d37b1,ATLAS_IA,SCALPING_M1,SCALPING_M1,USDCHFz,M1,SELL,0.78822,0.78878,0.7876593,0.7866179999999999,1.78,1.0,-99.68,-5.6,2026-03-18T13:59:15Z,2026-03-18T14:29:19Z,1804,1,SL,10.0,10.0,False,False,False
4a3c4b3f-1933-443d-a2e0-c90b283d0e09,ATLAS_IA,SCALPING_M1,SCALPING_M1,EURCADz,M1,BUY,1.5779800000000002,1.57778,1.5792652000000003,1.5816520000000003,7.49,1.5,-149.8,-2.0,2026-03-18T14:21:49Z,2026-03-18T14:29:59Z,490,1,SL,11.0,11.0,False,False,False
391d8ea8-7513-4120-9309-7d6a48801269,ATLAS_IA,SCALPING_M1,SCALPING_M1,USTECz,M1,SELL,24739.63,24790.51,24685.5256,24585.046000000006,0.1,1.5,5.41,54.1044,2026-03-18T13:43:52Z,2026-03-18T14:33:09Z,2957,1,TP1_PARTIAL,11.0,11.0,True,False,False
51ec6320-2cd8-4f1e-9806-1c61cf86d36e,ATLAS_IA,SCALPING_M1,SCALPING_M1,EURGBPz,M1,SELL,0.86487,0.86509,0.8642652,0.8631419999999999,4.54,1.0,274.58,6.05,2026-03-18T14:22:22Z,2026-03-18T14:42:39Z,1217,1,TP1_PARTIAL,10.25,10.25,True,False,False
a0e8d1c7-a00f-429d-a314-875c710d3cf5,ATLAS_IA,SCALPING_M1,SCALPING_M1,USDCHFz,M1,SELL,0.78883,0.78904,0.7881370000000001,0.78685,4.76,1.0,-99.96,-2.1,2026-03-18T14:29:39Z,2026-03-18T14:42:39Z,780,1,SL,10.25,10.25,False,False,False
b99dfd9b-77a7-4db8-93d7-671028a42b28,ATLAS_IA,SCALPING_M1,SCALPING_M1,GBPUSDz,M1,BUY,1.33091,1.33037,1.3329449000000002,1.3367240000000002,1.85,1.0,376.46,20.35,2026-03-18T14:22:28Z,2026-03-18T14:52:09Z,1781,1,TP1_PARTIAL,10.25,10.25,True,False,False
6cec90dc-a0be-4fdb-a006-b75e80ca140b,ATLAS_IA,SCALPING_M1,SCALPING_M1,NZDUSDz,M1,SELL,0.58315,0.58376,0.5825452,0.581422,0.81,0.5,-49.41,-6.1,2026-03-18T14:18:56Z,2026-03-18T14:52:29Z,2013,1,SL,8.0,8.0,False,False,False
8e093258-c62b-4d91-809d-6a87bfb86652,ATLAS_IA,SCALPING_M5,SCALPING_M5,EURJPYz,M5,SELL,183.552,183.641,183.469,183.386,0.62,0.5,-49.66,-8.9,2026-03-18T13:37:17Z,2026-03-18T14:53:58Z,4601,1,SL,8.0,8.0,False,False,False
64c42766-372c-47ea-b84e-097eef7c8c55,ATLAS_IA,SCALPING_M5,SCALPING_M5,EURGBPz,M5,SELL,0.86402,0.86459,0.8638049999999999,0.86359,0.0,,0.0,-5.7,2026-03-18T13:37:47Z,2026-03-18T15:18:53Z,6066,1,SL,6.0,6.0,False,False,False
